name,sings
data/5.5/popytnaya.jpeg,48
data/5.5/Odnostoronnee.png,48
data/5.5/DSCN3631.jpg,48
data/5.5/C1LMsqV5Pes.jpg,48
data/5.5/d6e13c00821c22b974d54df5ae241e31.jpg,48
data/5.5/msg_710501371_17216.jpg,48
data/5.5/izmeneniedvijeniya_denisov_9_.jpg,48
data/5.5/a9a07d693f53d108f0759048a33e2c60.jpg,48
data/3.24/Screenshot_5.png,0
data/3.24/Screenshot_1.png,0
data/3.24/Без названия.png,0
data/3.24/Screenshot_2.png,0
data/3.24/Screenshot_3.png,0
data/3.24/Без названия.jpg,0
data/3.24/Без названия (1).png,0
data/3.24/Screenshot_4.png,0
data/6.16/Screenshot_7.png,10
data/6.16/Screenshot_5.png,10
data/6.16/Screenshot_1.png,10
data/6.16/Screenshot_2.png,10
data/6.16/Screenshot_8.png,10
data/6.16/Screenshot_3.png,10
data/6.16/Screenshot_6.png,10
data/6.16/Screenshot_4.png,10
data/6.16/Screenshot_9.png,10
data/5.19.1/Screenshot_1.png,3
data/5.19.1/xfgbfdh.png,3
data/5.19.1/fsddsfgsg.png,3
data/5.19.1/Screenshot_8.png,3
data/5.19.1/Screenshot_6.png,3
data/8.2.2/8.2.2.png,38
data/8.2.2/1_DSC8043.jpg,38
data/8.2.2/images.png,38
data/3.28/c8wmoJA8Vbg.jpg,54
data/3.28/017-1.png,54
data/3.28/48_1.jpg,54
data/3.28/3317466.jpg,54
data/3.28/192654.jpg,54
data/3.28/1531150045_1-10.jpg,54
data/3.28/img_5760.jpg,54
data/3.28/001-1-1280x720.jpg,54
data/3.28/5a1d52246a7cd9372907d1481c8fe5e3.jpg,54
data/3.28/P1000063.jpg,54
data/1.34.3/66517016756703642128c733bc71a8b25e77f94ddd65_b.jpg,37
data/1.34.3/81d90bdc12a6c250785215f30b7084a8.png,37
data/1.34.3/images (1).jpeg,37
data/1.34.3/1.34.3-2.png,37
data/1.34.3/images.jpeg,37
data/1.34.3/0b7c5095a5a7ac95ff35a834baa622ad.png,37
data/6.12/Безымянный4.png,17
data/6.12/Безымянный6.png,17
data/6.12/Безымянный2.png,17
data/6.12/Безымянный5.png,17
data/6.12/Безымянный3.png,17
data/6.12/Безымянный7.png,17
data/6.12/Безымянный1.png,17
data/1.20.2/IMG_6075.jpg,44
data/1.20.2/images (1).jpeg,44
data/1.20.2/images (2).jpeg,44
data/1.20.2/images.jpeg,44
data/8.22/3234552_original.jpg,66
data/8.22/2886566.jpg,66
data/8.22/soldatik-eds-2018(2).jpg,66
data/8.22/ps-dorznak.jpg,66
data/8.22/IMG_20200929_120854.jpg,66
data/8.22/img_7986.jpg.jpg,66
data/8.22/1535951728556_default.jpg,66
data/8.22/905039_original.jpg,66
data/8.22/dscn1041_0.jpg,66
data/8.22/1632720097_53-p-dorozhnie-ograzhdeniya-foto-63.jpg,66
data/5.16/Screenshot_7.png,13
data/5.16/Screenshot_5.png,13
data/5.16/Screenshot_1.png,13
data/5.16/Screenshot_2.png,13
data/5.16/Screenshot_8.png,13
data/5.16/Screenshot_3.png,13
data/5.16/Screenshot_6.png,13
data/5.16/Screenshot_4.png,13
data/5.16/Screenshot_9.png,13
data/5.15/d2f30c730d9a938e332b0b36ff9822f121cfc6dfa_3000.jpg,64
data/5.15/5.21.2.jpg,64
data/5.15/slide-38.jpg,64
data/5.15/21618001_f0235261bbaf728e2637992e2e66f69a_800.jpg,64
data/5.15/5.21.1.jpg,64
data/5.15/6d34d2587c0679c8918f97cafc7a5ae8_Generic.jpg,64
data/5.15/img_7972.jpg.jpg,64
data/5.15/2012-05-24_Дорожный_знак._Россия.jpg,64
data/3.27/Screenshot_7.png,14
data/3.27/Screenshot_5.png,14
data/3.27/Screenshot_1.png,14
data/3.27/Screenshot_2.png,14
data/3.27/Screenshot_8.png,14
data/3.27/Screenshot_10.png,14
data/3.27/Screenshot_3.png,14
data/3.27/Screenshot_11.png,14
data/3.27/Screenshot_6.png,14
data/3.27/Screenshot_12.png,14
data/3.27/Screenshot_4.png,14
data/3.27/Screenshot_9.png,14
data/2.3.1/Безымянный4.png,32
data/2.3.1/Безымянный6.png,32
data/2.3.1/Безымянный2.png,32
data/2.3.1/Безымянный5.png,32
data/2.3.1/Безымянный3.png,32
data/2.3.1/Безымянный7.png,32
data/2.3.1/Безымянный1.png,32
data/7.12/0234.jpg,50
data/7.12/7.12.jpg,50
data/7.12/0147.jpg,50
data/7.12/BIG_200-712.jpg,50
data/7.12/7.12.png,50
data/5.19.2/Screenshot_7.png,4
data/5.19.2/xg.png,4
data/5.19.2/Screenshot_5.png,4
data/5.19.2/Screenshot_2.png,4
data/5.19.2/Screenshot_3.png,4
data/5.19.2/Screenshot_4.png,4
data/4.1.1/756408813820365.jpg,41
data/4.1.1/756408817201281.jpg,41
data/4.1.1/znak_dvizheniie_priamo.jpg,41
data/4.1.1/original.jpg,41
data/4.1.1/Без названия.jpeg,41
data/1.20.1/Screenshot_5.png,5
data/1.20.1/Screenshot_1.png,5
data/1.20.1/Screenshot_2.png,5
data/1.20.1/Screenshot_8.png,5
data/1.20.1/Screenshot_3.png,5
data/1.20.1/Screenshot_6.png,5
data/1.20.1/Screenshot_4.png,5
data/4.2.3/Безымянный4.png,27
data/4.2.3/Безымянный6.png,27
data/4.2.3/Безымянный2.png,27
data/4.2.3/Безымянный5.png,27
data/4.2.3/Безымянный3.png,27
data/4.2.3/Безымянный7.png,27
data/4.2.3/Безымянный1.png,27
data/6.11/Серовский_указатель.jpg,59
data/6.11/600.jpg,59
data/6.11/40_big.jpg,59
data/6.11/1534324832_k0qvd6ole3_dorozhnyy-ukazatel.jpg,59
data/6.11/43431.jpg,59
data/6.11/komplektdorozhnykhznakovsinij2-1200x800.jpg,59
data/6.11/82_full.jpg,59
"data/6.11/Суворовское_Сакского_района,_2021,_02.jpg",59
data/6.11/aa373aba58308fea07f6193e8444bfcf.jpg,59
data/6.11/ural_cycling_001.jpg,59
data/5.9.1/slide-17.jpg,55
data/5.9.1/znaki_5.8_i_5.9-1.jpg,55
data/5.9.1/5.9.jpg,55
data/5.9.1/d7a1a01b819de8e36a037ffe4dbcafc4.jpeg,55
data/5.9.1/b1a7cbc46e5bf4244e9c4bd4aa808149.jpg,55
data/8.23/Screenshot_7.png,6
data/8.23/Screenshot_5.png,6
data/8.23/Screenshot_1.png,6
data/8.23/Screenshot_2.png,6
data/8.23/Screenshot_8.png,6
data/8.23/Screenshot_10.png,6
data/8.23/Screenshot_3.png,6
data/8.23/Screenshot_6.png,6
data/8.23/Screenshot_4.png,6
data/8.23/Screenshot_9.png,6
data/8.1.1/36d2210fb02abd724faee748986d5cae.jpeg,57
data/8.1.1/slide-37.jpg,57
data/8.1.1/8.1.1-rasstoyanie-do-obekta-1.jpg,57
data/8.1.1/znak-ogranichenie-vysoty-3.jpg,57
data/8.1.1/DSCN1233.jpg,57
data/3.20/Безымянный4.png,21
data/3.20/Безымянный6.png,21
data/3.20/Безымянный2.png,21
data/3.20/Безымянный8.png,21
data/3.20/Безымянный9.png,21
data/3.20/Безымянный5.png,21
data/3.20/Безымянный3.png,21
data/3.20/Безымянный7.png,21
data/3.20/Безымянный1.png,21
data/5.15.5/Screenshot_5.png,2
data/5.15.5/Screenshot_1.png,2
data/5.15.5/Screenshot_2.png,2
data/5.15.5/Screenshot_8.png,2
data/5.15.5/Screenshot_3.png,2
data/5.15.5/Screenshot_4.png,2
data/6.9.1/spbkad.jpg,62
data/6.9.1/272642434.jpg,62
data/6.9.1/doroga-m4-6755.jpg,62
data/6.9.1/5.51.jpg,62
data/6.9.1/12_big.jpg,62
data/6.9.1/MKAD-67km-B8.jpg,62
data/6.9.1/05_full.jpg,62
data/6.9.1/img_4153-0.jpg,62
data/6.9.1/117517464_w1280_h128.jpg,62
data/5.15.2/Безымянный4.png,18
data/5.15.2/Безымянный6.png,18
data/5.15.2/Безымянный2.png,18
data/5.15.2/Безымянный5.png,18
data/5.15.2/Безымянный3.png,18
data/5.15.2/Безымянный7.png,18
data/5.15.2/Безымянный1.png,18
data/5.15.6/5.21.2.jpg,56
data/5.15.6/slide-38.jpg,56
data/5.15.6/5.21.1.jpg,56
data/5.15.6/5.15.6-konecz-polosy.jpg,56
data/5.15.6/img_7972.jpg.jpg,56
data/7.14.2/Безымянный2.png,23
data/7.14.2/Безымянный3.png,23
data/7.14.2/Безымянный1.png,23
data/8.22.2/3234552_original.jpg,45
data/8.22.2/DSC_4620.jpg,45
data/8.22.2/znak-obezd-prepyatstviya-sprava.jpg,45
data/8.22.2/1535951728556_default.jpg,45
data/8.22.2/8.22.2-prepyatstvie-768x768.jpg,45
data/8.22.2/img_20150228_184303.jpg,45
data/5.15.7/1208_3.jpg,49
data/5.15.7/1296522_900.jpg,49
data/5.15.7/Lithuania_road_sign_518.svg.png,49
data/5.15.7/5.15.7_1.png,49
data/5.15.7/5.15.7_B.jpg,49
data/5.15.7/7-1-1.png,49
data/8.2.5/6279d7a6c5873760a84710c865dddadd.jpg,63
data/8.2.5/097769200-1560174918.jpg,63
data/8.2.5/497d7ecfde2e86685299e7a441a6bbb8.jpg,63
data/8.2.5/dva-dorozhnyh-znaka-ostanovka-zapreschena-0022856070-preview.jpg,63
data/8.2.5/3a2aa6a8f98c3e40aea4053cd5d742d5.jpg,63
data/8.2.5/zapreschayuschie-dorozhnye-znaki-0025506576-preview.jpg,63
data/8.2.5/dorozhnye-znaki-ostanovka-zapreschena-rabotaet-evakuator-0025607028-preview.jpg,63
data/1.2/Screenshot_7.png,12
data/1.2/Screenshot_5.png,12
data/1.2/Screenshot_1.png,12
data/1.2/Screenshot_2.png,12
data/1.2/Screenshot_3.png,12
data/1.2/Screenshot_11.png,12
data/1.2/Screenshot_6.png,12
data/1.2/Screenshot_4.png,12
data/5.15.4/shop_items_catalog_image2045.png,35
data/5.15.4/5-15-4.jpg,35
data/5.15.4/5.20.3.jpg,35
data/5.15.4/Без названия.jpeg,35
data/5.15.4/images.png,35
data/5.15.4/ght.png,35
data/5.15.4/images.jpeg,35
data/2.4/Безымянный4.png,25
data/2.4/Безымянный6.png,25
data/2.4/Безымянный2.png,25
data/2.4/Безымянный8.png,25
data/2.4/Безымянный10.png,25
data/2.4/Безымянный9.png,25
data/2.4/Безымянный5.png,25
data/2.4/Безымянный3.png,25
data/2.4/Безымянный7.png,25
data/2.4/Безымянный1.png,25
data/3.4/znak-dvizenie-gryzotransporta-zaprescheno.jpg,60
data/3.4/znak30012019a.jpg,60
data/3.4/14371.jpg,60
data/3.4/ZIsWDGjT6d0.jpg,60
data/3.4/20160525-006.jpg,60
data/3.4/755483943771315.jpg,60
data/3.4/d25e2fc719c3338c12ae1123c4ab1f7e.jpg,60
data/3.4/vlcsnap-2020-07-08-14h59m38s343.jpg,60
data/3.4/xYz_vTx9XQ0.jpg,60
data/8.2.3/dorozhnyi-znak-ostanovka-zapreschena-s-informatsionnymi-0002245402-preview.jpg,51
data/8.2.3/95e4674dacd45070d469b808a97a44c2.jpg,51
data/8.2.3/nabor-dorozhnyh-znakov-napravleniya-dvizheniya-po-0025740027-preview.jpg,51
data/8.2.3/ffer80WeZEhAFMCRGAkLjXDN5BU-960.jpg,51
data/8.2.3/dorozhnyi-znak-ostanovka-zapreschena-i-informatsionnye-0024147199-preview.jpg,51
data/8.2.3/4f1dd4.jpg,51
data/8.2.3/EJbQc5DWsAAkH3D.jpg,51
data/5.18/8562.jpg,68
data/5.18/Dorozhnyi-znak-taksi.jpg,68
data/5.18/7b9ee8e5a7186090b218594368d94701.jpg,68
data/5.18/Zelenogradsk-parking1.jpeg,68
data/5.18/1811.jpg,68
data/5.18/67a223aed50578d8be6e17f51619951e0d14a066_1280.jpg,68
data/5.18/V7Uno1b56VA.jpg,68
data/5.18/1.jpg,68
data/5.18/37333_original.jpg,68
data/5.18/MG_3571-e1519919240463.jpg,68
data/3.12/Безымянный4.png,22
data/3.12/Безымянный6.png,22
data/3.12/Безымянный2.png,22
data/3.12/Безымянный8.png,22
data/3.12/Безымянный10.png,22
data/3.12/Безымянный9.png,22
data/3.12/Безымянный5.png,22
data/3.12/Безымянный3.png,22
data/3.12/Безымянный7.png,22
data/3.12/Безымянный1.png,22
data/3.25/dorozhnyi-znak-325-konets-zony-ogranicheniya-maksimalnoi-0012717696-preview.jpg,43
data/3.25/ticket-38-question-10.jpg,43
data/3.25/3.25.png,43
data/3.25/65287.pvkc0c.1280.jpg,43
data/3.25/images.jpeg,43
data/3.2/1489229776_znak-dvigenie-zapresheno.jpg,47
data/3.2/Znaki.jpg,47
data/3.2/transit-sign-signage-note-prohibited-shield-traffic-sign-prohibitory-688384.jpg,47
data/3.2/7ffe5smhoak_146721328318_5931482c5badc.jpg,47
data/3.2/15m0owfesldgm_1uu2qfr.jpeg,47
data/3.2/original.jpg,47
data/3.2/znak_dvizhenie_zapresheno.jpg,47
data/6.9.2/21.jpg,46
data/6.9.2/6_9_2_1.png,46
data/6.9.2/1612417055_5-p-dorozhnii-znak-korichnevii-fon-19.jpg,46
data/6.9.2/dorozhnyi-ukazatel-sela-tarakanovka-0002480845-preview.jpg,46
data/6.9.2/18_full.jpg,46
data/8.2.1/d9hakes4_lepcgiftvln6uk5pboifke-3m7ijhanfqlfmcyv8n.jpg,36
data/8.2.1/2_DSC8016.jpg,36
data/8.2.1/dorozhnyj-znak-ostorozhno-deti-bezopasnost-pri-perevozke-detej.jpg,36
data/8.2.1/images.jpeg,36
data/3.1/Безымянный4.png,20
data/3.1/Безымянный6.png,20
data/3.1/Безымянный2.png,20
data/3.1/Безымянный8.png,20
data/3.1/Безымянный5.png,20
data/3.1/Безымянный3.png,20
data/3.1/Безымянный7.png,20
data/3.1/Безымянный1.png,20
data/8.22.3/Безымянный4.png,28
data/8.22.3/Безымянный2.png,28
data/8.22.3/Безымянный3.png,28
data/8.22.3/Безымянный1.png,28
data/8.2.4/Безымянный4.png,16
data/8.2.4/Безымянный6.png,16
data/8.2.4/Безымянный5.png,16
data/8.2.4/Безымянный3.png,16
data/8.2.4/Безымянный1.png,16
data/5.15.1/Безымянный4.png,29
data/5.15.1/Безымянный6.png,29
data/5.15.1/Безымянный2.png,29
data/5.15.1/Безымянный5.png,29
data/5.15.1/Безымянный3.png,29
data/5.15.1/Безымянный7.png,29
data/5.15.1/Безымянный1.png,29
data/1.25/3387.jpeg,53
data/1.25/k7Di-6g0FhE.jpg,53
data/1.25/1038779548.jpg,53
data/1.25/210301153632.jpg,53
data/1.25/723_original.jpg,53
data/1.25/x000.jpg.pagespeed.ic.dCT_Qw18ii.jpg,53
data/1.25/maxresdefault.jpg,53
data/1.25/Ixn9sjDNH6A.jpg,53
data/1.25/знак-орожных-работ-31390414.jpg,53
data/2.1/Screenshot_7.png,7
data/2.1/Screenshot_5.png,7
data/2.1/Screenshot_1.png,7
data/2.1/Screenshot_2.png,7
data/2.1/Screenshot_8.png,7
data/2.1/Screenshot_3.png,7
data/2.1/Screenshot_11.png,7
data/2.1/Screenshot_6.png,7
data/2.1/Screenshot_4.png,7
data/2.1/Screenshot_9.png,7
data/3.13/Безымянный4.png,19
data/3.13/Безымянный6.png,19
data/3.13/Безымянный2.png,19
data/3.13/Безымянный8.png,19
data/3.13/Безымянный9.png,19
data/3.13/Безымянный5.png,19
data/3.13/Безымянный3.png,19
data/3.13/Безымянный7.png,19
data/3.13/Безымянный1.png,19
data/6.13/110316715.jpg,34
data/6.13/0126.jpg,34
data/6.13/110076583.jpg,34
data/6.13/110319356.jpg,34
data/6.13/55_big.jpg,34
data/6.13/84_big.jpg,34
data/6.13/56_big.jpg,34
data/3/Безымянный4.png,31
data/3/Безымянный6.png,31
data/3/Безымянный2.png,31
data/3/Безымянный5.png,31
data/3/Безымянный3.png,31
data/3/Безымянный1.png,31
data/5.6/Безымянный4.png,26
data/5.6/Безымянный6.png,26
data/5.6/Безымянный2.png,26
data/5.6/Безымянный8.png,26
data/5.6/Безымянный5.png,26
data/5.6/Безымянный3.png,26
data/5.6/Безымянный7.png,26
data/5.6/Безымянный1.png,26
data/5.23.1/Безымянный4.png,24
data/5.23.1/Безымянный6.png,24
data/5.23.1/Безымянный2.png,24
data/5.23.1/Безымянный5.png,24
data/5.23.1/Безымянный3.png,24
data/5.23.1/Безымянный7.png,24
data/5.23.1/Безымянный1.png,24
data/7.3/Безымянный4.png,30
data/7.3/Безымянный6.png,30
data/7.3/Безымянный2.png,30
data/7.3/Безымянный8.png,30
data/7.3/Безымянный9.png,30
data/7.3/Безымянный5.png,30
data/7.3/Безымянный3.png,30
data/7.3/Безымянный7.png,30
data/7.3/Безымянный1.png,30
data/5.15.3/5-15-3.jpg,39
data/5.15.3/Без названия.png,39
data/5.15.3/Без названия.jpeg,39
data/5.15.3/82494836bd364da6593df29cbb27b02f.jpg,39
data/4.2.1/Screenshot_7.png,8
data/4.2.1/Screenshot_5.png,8
data/4.2.1/Screenshot_1.png,8
data/4.2.1/Screenshot_2.png,8
data/4.2.1/Screenshot_8.png,8
data/4.2.1/Screenshot_10.png,8
data/4.2.1/Screenshot_3.png,8
data/4.2.1/Screenshot_6.png,8
data/4.2.1/Screenshot_4.png,8
data/4.2.1/Screenshot_9.png,8
data/1.22/Screenshot_7.png,11
data/1.22/Screenshot_5.png,11
data/1.22/Screenshot_1.png,11
data/1.22/Screenshot_2.png,11
data/1.22/Screenshot_8.png,11
data/1.22/Screenshot_10.png,11
data/1.22/Screenshot_3.png,11
data/1.22/Screenshot_6.png,11
data/1.22/Screenshot_4.png,11
data/1.22/Screenshot_9.png,11
data/5.24.1/1262399190555.542-2400x.jpeg,52
data/5.24.1/d2c9282s-960.jpg,52
data/5.24.1/foto.cheb.ru-089819.jpg,52
data/5.24.1/30_full.jpg,52
data/5.24.1/e679ad6bf8b88ab8c354b017a484e7740da56e44_639.jpg,52
data/5.24.1/14_big.jpg,52
data/5.24.1/DSCN7224.jpg,52
data/5.24.1/foto.cheb.ru-245207.jpg,52
data/6.10/76_full.jpg,61
data/6.10/21.jpg,61
data/6.10/21_big.jpg,61
data/6.10/203501263_5e46974cbdabdca7d195ff4d44ffddb0_800.jpg,61
data/6.10/Gai-(1).jpg,61
data/6.10/54_full.jpeg,61
data/6.10/i-31686.jpg,61
data/6.10/53_full.jpg,61
data/6.10/dorozhnyi-ukazatel-sela-tarakanovka-0002480845-preview.jpg,61
data/6.10/Lobarev1.jpeg,61
data/4.1.4/3d74537e4166fb068d89e8f2a96b21bb.jpg,42
data/4.1.4/dorozhnyj-znak-4-1-4-dvizhenie-pryamo-ili-napravo.jpg,42
data/4.1.4/227682a174f2dc1329b0dc025b7e3c7b.jpg,42
data/4.1.4/Без названия.jpeg,42
data/4.1.4/ticket-11-question-02.jpg,42
data/4.1.4/32c65151e3f4609a58dc03ac4b42d05d.png,42
data/8.22.1/Screenshot_7.png,9
data/8.22.1/Screenshot_5.png,9
data/8.22.1/Screenshot_1.png,9
data/8.22.1/Screenshot_2.png,9
data/8.22.1/Screenshot_8.png,9
data/8.22.1/Screenshot_3.png,9
data/8.22.1/Screenshot_11.png,9
data/8.22.1/Screenshot_6.png,9
data/8.22.1/Screenshot_4.png,9
data/1.10/455526_1000.jpg,58
data/1.10/gorod-dorozhnyi-znak-0000829972-preview.jpg,58
data/1.10/мост-над-широким-рекой-дорожный-знак-стоимости-отклонение-дорожного-151668853.jpg,58
data/1.10/дорожные-знаки-опасности-на-пре-посы-ке-неба-47301212.jpg,58
data/1.10/пре-упреж-ающий-орожный-знак-64409769.jpg,58
data/1.10/dorozhnyi-znak-vyezd-na-naberezhnuyu-0003668324-preview.jpg,58
data/1.10/755184205244494.jpg,58
data/1.10/Depositphotos_178321802_s-2019.jpg,58
data/1.10/дорожный-знак-23669551.jpg,58
data/1.10/znak-vyezd-na-naberezhnuju.jpg,58
data/1.17/1.17.png,40
data/1.17/1469897150148175310.jpg,40
data/1.17/images (1).jpeg,40
data/1.17/Без названия.jpeg,40
data/1.17/images.jpeg,40
data/4.8.2/4.8.3.jpg,65
data/1.16/Screenshot_7.png,1
data/1.16/Screenshot_5.png,1
data/1.16/Screenshot_1.png,1
data/1.16/Screenshot_2.png,1
data/1.16/Screenshot_3.png,1
data/1.16/Screenshot_6.png,1
data/1.16/Screenshot_4.png,1
data/6.10.1/Безымянный4.png,15
data/6.10.1/Безымянный6.png,15
data/6.10.1/Безымянный2.png,15
data/6.10.1/Безымянный5.png,15
data/6.10.1/Безымянный3.png,15
data/6.10.1/Безымянный7.png,15
data/6.10.1/Безымянный1.png,15
data/3.11/Безымянный12.png,33
data/3.11/Безымянный11.png,33
data/3.11/Безымянный4.png,33
data/3.11/Безымянный6.png,33
data/3.11/Безымянный2.png,33
data/3.11/Безымянный8.png,33
data/3.11/Безымянный10.png,33
data/3.11/Безымянный9.png,33
data/3.11/Безымянный5.png,33
data/3.11/Безымянный3.png,33
data/3.11/Безымянный7.png,33
data/3.11/Безымянный1.png,33
data/5.21/photo_2022_09_13_14_09_48.jpg,67
data/5.21/zhilaya-zona.jpg,67
data/5.21/people_zone.jpg,67
data/5.21/i.webp,67
data/5.21/a93bc004461d74a2a29ff1a500d3806d.jpg,67
data/5.21/zhilayazona1.jpg,67
data/5.21/100-3.jpg,67
data/5.21/890-890-0-1024x1024.jpg,67
data/5.21/x_yb2j9auirdivonyvs8deypagxfdr-p.jpeg,67
data/5.21/znak-zhilaya-zon-1-1200x657.jpg,67
